<?xml version="1.0" encoding="UTF-8" standalone="yes"?>
<addon id="repository.sastatv.addons" name="SastaTV Repository" version="3.0.0" provider-name="SastaTV">
	<extension point="xbmc.addon.repository" name="SastaTV Repository">
		<dir>
			<info compressed="false">https://sastatv.com/repo/addons.xml</info>
			<checksum>https://sastatv.com/repo/addons.xml.md5</checksum>
			<datadir zip="false">https://sastatv.com/repo/</datadir>
			<hashes>false</hashes>
		</dir>
	</extension>
	<extension point="xbmc.addon.metadata">
		<assets>
            <icon>icon.png</icon>
        </assets>
		<summary>Sastatv addons to watch media from all over subcontinent</summary>
		<description>Sastatv addons to watch media from all over subcontinent</description>
		<disclaimer>No media content is hosted or streamed by the makers of this addon. Some parts of this addon may not be legal in your country of residence - please check with your local laws before installing.</disclaimer>
		<platform>all</platform>
        <genre>video</genre>
	</extension>
</addon>
